{"cameraMode":{"drawMode":0,"name":"Shaded","section":"Shading Mode"},"sceneLighting":true,"audioPlay":false,"sceneViewState":{"showFog":true,"showMaterialUpdate":false,"showSkybox":true,"showFlares":true,"showImageEffects":true,"showParticleSystems":true,"showVisualEffectGraphs":true,"m_FxEnabled":true},"in2DMode":false,"pivot":{"x":3.618319034576416,"y":7.726428508758545,"z":-7.92449426651001},"rotation":{"x":-0.45567405223846438,"y":-0.0005774207529611886,"z":0.0001908715203171596,"w":-0.8901897668838501},"size":-1.0591955184936524,"orthographic":false}