{"cameraMode":{"drawMode":0,"name":"Shaded","section":"Shading Mode"},"sceneLighting":true,"audioPlay":false,"sceneViewState":{"showFog":true,"showMaterialUpdate":false,"showSkybox":true,"showFlares":true,"showImageEffects":true,"showParticleSystems":true,"showVisualEffectGraphs":true,"m_FxEnabled":true},"in2DMode":false,"pivot":{"x":0.3056713342666626,"y":-10.971641540527344,"z":1.8655729293823243},"rotation":{"x":-0.6069520711898804,"y":0.0013384302146732808,"z":-0.0011777488980442286,"w":-0.7947779297828674},"size":57.82833480834961,"orthographic":false}